Order_ID,Order_Date,CustomerName,State,City
B-25601,04-01-2018,Bharat,Gujarat,Ahmedabad
B-25602,04-01-2018,Pearl,Maharashtra,Pune
B-25603,04-03-2018,Jahan,Madhya Pradesh,Bhopal
B-25604,04-03-2018,Divsha,Rajasthan,Jaipur
B-25605,04-05-2018,Kasheen,West Bengal,Kolkata
B-25606,04-06-2018,Hazel,Karnataka,Bangalore
B-25607,04-06-2018,Sonakshi,Jammu and Kashmir,Kashmir
B-25608,04-08-2018,Aarushi,Tamil Nadu,Chennai
B-25609,04-09-2018,Jitesh,Uttar Pradesh,Lucknow
B-25610,04-09-2018,Yogesh,Bihar,Patna
B-25611,04-11-2018,Anita,Kerala ,Thiruvananthapuram
B-25612,04-12-2018,Shrichand,Punjab,Chandigarh
B-25613,04-12-2018,Mukesh,Haryana,Chandigarh
B-25614,04-13-2018,Vandana,Himachal Pradesh,Simla
B-25615,04-15-2018,Bhavna,Sikkim,Gangtok
B-25616,04-15-2018,Kanak,Goa,Goa
B-25617,04-17-2018,Sagar,Nagaland,Kohima
B-25618,04-18-2018,Manju,Andhra Pradesh,Hyderabad
B-25619,04-18-2018,Ramesh,Gujarat,Ahmedabad
B-25620,04-20-2018,Sarita,Maharashtra,Pune
B-25621,04-20-2018,Deepak,Madhya Pradesh,Bhopal
B-25622,04-22-2018,Monisha,Rajasthan,Jaipur
B-25623,04-22-2018,Atharv,West Bengal,Kolkata
B-25624,04-22-2018,Vini,Karnataka,Bangalore
B-25625,04-23-2018,Pinky,Jammu and Kashmir,Kashmir
B-25626,04-23-2018,Bhishm,Maharashtra,Mumbai
B-25627,04-23-2018,Hitika,Madhya Pradesh,Indore
B-25628,04-24-2018,Pooja,Bihar,Patna
B-25629,04-24-2018,Hemant,Kerala ,Thiruvananthapuram
B-25630,04-24-2018,Sahil,Punjab,Chandigarh
B-25631,04-24-2018,Ritu,Haryana,Chandigarh
B-25632,04-25-2018,Manish,Himachal Pradesh,Simla
B-25633,04-26-2018,Amit,Sikkim,Gangtok
B-25634,04-26-2018,Sanjay,Goa,Goa
B-25635,04-26-2018,Nidhi,Nagaland,Kohima
B-25636,04-26-2018,Nishi,Maharashtra,Mumbai
B-25637,04-26-2018,Ashmi,Madhya Pradesh,Indore
B-25638,04-26-2018,Parth,Maharashtra,Pune
B-25639,04-27-2018,Lisha,Madhya Pradesh,Bhopal
B-25640,04-27-2018,Paridhi,Rajasthan,Jaipur
B-25641,04-27-2018,Parishi,West Bengal,Kolkata
B-25642,04-28-2018,Ajay,Karnataka,Bangalore
B-25643,04-29-2018,Kirti,Jammu and Kashmir,Kashmir
B-25644,04-30-2018,Mayank,Maharashtra,Mumbai
B-25645,05-01-2018,Yaanvi,Madhya Pradesh,Indore
B-25646,05-01-2018,Sonal,Bihar,Patna
B-25647,05-03-2018,Sharda,Kerala ,Thiruvananthapuram
B-25648,05-04-2018,Aditya,Punjab,Chandigarh
B-25649,05-05-2018,Rachna,Haryana,Chandigarh
B-25650,05-06-2018,Chirag,Maharashtra,Mumbai
B-25651,05-07-2018,Anurag,Madhya Pradesh,Indore
B-25652,05-08-2018,Tushina,Goa,Goa
B-25653,05-08-2018,Farah,Nagaland,Kohima
B-25654,05-10-2018,Sabah,Maharashtra,Mumbai
B-25655,05-11-2018,Nida,Madhya Pradesh,Indore
B-25656,05-11-2018,Priyanka,Maharashtra,Pune
B-25657,05-13-2018,Tulika,Madhya Pradesh,Bhopal
B-25658,05-14-2018,Shefali,Rajasthan,Jaipur
B-25659,05-15-2018,Sanskriti,West Bengal,Kolkata
B-25660,05-16-2018,Shruti,Karnataka,Bangalore
B-25661,05-17-2018,Subhashree,Jammu and Kashmir,Kashmir
B-25662,05-17-2018,Sweta,Maharashtra,Mumbai
B-25663,05-19-2018,Pournamasi,Madhya Pradesh,Indore
B-25664,05-20-2018,Pratyusmita,Bihar,Patna
B-25665,05-21-2018,Chayanika,Kerala ,Thiruvananthapuram
B-25666,05-22-2018,Tanvi,Punjab,Chandigarh
B-25667,05-23-2018,Anjali,Haryana,Chandigarh
B-25668,05-24-2018,Rhea,Himachal Pradesh,Simla
B-25669,05-25-2018,Piyali,Sikkim,Gangtok
B-25670,05-25-2018,Charika,Goa,Goa
B-25671,05-27-2018,Mitali,Nagaland,Kohima
B-25672,05-28-2018,Akanksha,Andhra Pradesh,Hyderabad
B-25673,05-28-2018,Arsheen,Gujarat,Ahmedabad
B-25674,05-28-2018,Mahima,Maharashtra,Pune
B-25675,05-31-2018,Shreya,Madhya Pradesh,Bhopal
B-25676,06-01-2018,Chandni,Rajasthan,Jaipur
B-25677,06-02-2018,Ekta,West Bengal,Kolkata
B-25678,06-03-2018,Bathina,Karnataka,Bangalore
B-25679,06-04-2018,Avni,Maharashtra,Mumbai
B-25680,06-04-2018,Aayushi,Madhya Pradesh,Indore
B-25681,06-04-2018,Bhawna,Madhya Pradesh,Indore
B-25682,06-07-2018,Krutika,Bihar,Patna
B-25683,06-08-2018,Shreya,Kerala ,Thiruvananthapuram
B-25684,06-09-2018,Samiksha,Maharashtra,Mumbai
B-25685,06-10-2018,Sheetal,Madhya Pradesh,Indore
B-25686,06-11-2018,Pooja,Himachal Pradesh,Simla
B-25687,06-11-2018,Sanjna,Maharashtra,Mumbai
B-25688,06-11-2018,Swetha,Madhya Pradesh,Indore
B-25689,06-14-2018,Bhaggyasree,Maharashtra,Mumbai
B-25690,06-15-2018,Gunjan,Madhya Pradesh,Indore
B-25691,06-16-2018,Akancha,Maharashtra,Mumbai
B-25692,06-17-2018,Rashmi,Madhya Pradesh,Indore
B-25693,06-18-2018,Parna,Madhya Pradesh,Bhopal
B-25694,06-18-2018,Subhasmita,Rajasthan,Jaipur
B-25695,06-18-2018,Suhani,West Bengal,Kolkata
B-25696,06-21-2018,Noopur,Karnataka,Bangalore
B-25697,06-22-2018,Vijay,Jammu and Kashmir,Kashmir
B-25698,06-23-2018,Amisha,Tamil Nadu,Chennai
B-25699,06-24-2018,Kritika,Uttar Pradesh,Lucknow
B-25700,06-25-2018,Shubhi,Maharashtra,Mumbai
B-25701,06-26-2018,Maithilee,Madhya Pradesh,Indore
B-25702,06-27-2018,Shaily,Maharashtra,Mumbai
B-25703,06-28-2018,Ekta,Madhya Pradesh,Indore
B-25704,06-29-2018,Riya,Maharashtra,Mumbai
B-25705,06-30-2018,Shweta,Madhya Pradesh,Indore
B-25706,07-01-2018,Swetlana,Goa,Goa
B-25707,07-01-2018,Shivani,Maharashtra,Mumbai
B-25708,07-01-2018,Kishwar,Madhya Pradesh,Indore
B-25709,07-01-2018,Aakanksha,Madhya Pradesh,Indore
B-25710,07-05-2018,Megha,Maharashtra,Pune
B-25711,07-06-2018,Sakshi,Madhya Pradesh,Bhopal
B-25712,07-07-2018,Adhvaita,Rajasthan,Jaipur
B-25713,07-08-2018,Raksha,West Bengal,Kolkata
B-25714,07-09-2018,Stuti,Karnataka,Bangalore
B-25715,07-10-2018,Srishti,Jammu and Kashmir,Kashmir
B-25716,07-11-2018,Surabhi,Tamil Nadu,Chennai
B-25717,07-12-2018,Manshul,Uttar Pradesh,Lucknow
B-25718,07-12-2018,Anjali,Maharashtra,Mumbai
B-25719,07-12-2018,Rashmi,Madhya Pradesh,Indore
B-25720,07-15-2018,Namrata,Punjab,Chandigarh
B-25721,07-16-2018,Anchal,Haryana,Chandigarh
B-25722,07-17-2018,Inderpreet,Himachal Pradesh,Simla
B-25723,07-18-2018,Wale,Maharashtra,Mumbai
B-25724,07-19-2018,Sheetal,Madhya Pradesh,Indore
B-25725,07-20-2018,Anisha,Nagaland,Kohima
B-25726,07-21-2018,Kiran,Maharashtra,Mumbai
B-25727,07-22-2018,Turumella,Madhya Pradesh,Indore
B-25728,07-22-2018,Ameesha,Maharashtra,Pune
B-25729,07-22-2018,Madhulika,Madhya Pradesh,Bhopal
B-25730,07-22-2018,Rishabh,Rajasthan,Jaipur
B-25731,07-26-2018,Akash,West Bengal,Kolkata
B-25732,07-27-2018,Anubhaw,Karnataka,Bangalore
B-25733,07-28-2018,Dhirajendu,Maharashtra,Mumbai
B-25734,07-29-2018,Pranav,Madhya Pradesh,Indore
B-25735,07-30-2018,Arindam,Uttar Pradesh,Lucknow
B-25736,07-31-2018,Akshat,Maharashtra,Mumbai
B-25737,08-01-2018,Shubham,Madhya Pradesh,Indore
B-25738,08-02-2018,Ayush,Punjab,Chandigarh
B-25739,08-03-2018,Daksh,Haryana,Chandigarh
B-25740,08-03-2018,Rane,Maharashtra,Mumbai
B-25741,08-03-2018,Navdeep,Madhya Pradesh,Indore
B-25742,08-03-2018,Ashwin,Goa,Goa
B-25743,08-07-2018,Aman,Nagaland,Kohima
B-25744,08-08-2018,Devendra,Andhra Pradesh,Hyderabad
B-25745,08-09-2018,Kartik,Gujarat,Ahmedabad
B-25746,08-10-2018,Shivam,Maharashtra,Pune
B-25747,08-11-2018,Harsh,Madhya Pradesh,Bhopal
B-25748,08-12-2018,Nitant,Rajasthan,Jaipur
B-25749,08-13-2018,Ayush,Maharashtra,Mumbai
B-25750,08-14-2018,Priyanshu,Madhya Pradesh,Indore
B-25751,08-14-2018,Nishant,Maharashtra,Mumbai
B-25752,08-14-2018,Vaibhav,Madhya Pradesh,Indore
B-25753,08-17-2018,Shivam,Uttar Pradesh,Lucknow
B-25754,08-18-2018,Akshay,Bihar,Patna
B-25755,08-19-2018,Shourya,Kerala ,Thiruvananthapuram
B-25756,08-20-2018,Mohan,Maharashtra,Mumbai
B-25757,08-21-2018,Mohit,Madhya Pradesh,Indore
B-25758,08-22-2018,Shubham,Himachal Pradesh,Simla
B-25759,08-23-2018,Soumya,Sikkim,Gangtok
B-25760,08-24-2018,Pooja,Goa,Goa
B-25761,08-25-2018,Surabhi,Maharashtra,Mumbai
B-25762,08-26-2018,Anudeep,Madhya Pradesh,Indore
B-25763,08-27-2018,Noshiba,Gujarat,Ahmedabad
B-25764,08-28-2018,Sanjova,Maharashtra,Pune
B-25765,08-29-2018,Meghana,Madhya Pradesh,Bhopal
B-25766,08-30-2018,Surabhi,Rajasthan,Jaipur
B-25767,08-31-2018,Ashmeet,West Bengal,Kolkata
B-25768,09-01-2018,Shreyoshe,Karnataka,Bangalore
B-25769,09-02-2018,Surbhi,Maharashtra,Mumbai
B-25770,09-02-2018,Sakshi,Madhya Pradesh,Indore
B-25771,09-02-2018,Vaibhavi,Uttar Pradesh,Lucknow
B-25772,09-02-2018,Sanjana,Bihar,Patna
B-25773,09-06-2018,Shreya,Kerala ,Thiruvananthapuram
B-25774,09-07-2018,Snehal,Punjab,Chandigarh
B-25775,09-08-2018,Duhita,Haryana,Chandigarh
B-25776,09-09-2018,Mousam,Maharashtra,Mumbai
B-25777,09-10-2018,Aditi,Madhya Pradesh,Indore
B-25778,09-11-2018,Surabhi,Maharashtra,Mumbai
B-25779,09-12-2018,Savi,Madhya Pradesh,Indore
B-25780,09-13-2018,Teena,Andhra Pradesh,Hyderabad
B-25781,09-14-2018,Rutuja,Gujarat,Ahmedabad
B-25782,09-15-2018,Aayushi,Maharashtra,Mumbai
B-25783,09-15-2018,Shivangi,Madhya Pradesh,Indore
B-25784,09-15-2018,Rohit,Rajasthan,Jaipur
B-25785,09-15-2018,Ayush,West Bengal,Kolkata
B-25786,09-19-2018,Abhishek,Karnataka,Bangalore
B-25787,09-20-2018,Asish,Jammu and Kashmir,Kashmir
B-25788,09-21-2018,Dinesh,Tamil Nadu,Chennai
B-25789,09-22-2018,Akshay,Uttar Pradesh,Lucknow
B-25790,09-23-2018,Sajal,Bihar,Patna
B-25791,09-24-2018,Avish,Kerala ,Thiruvananthapuram
B-25792,09-24-2018,Abhishek,Maharashtra,Mumbai
B-25793,09-24-2018,Siddharth,Madhya Pradesh,Indore
B-25794,09-24-2018,Aditya,Himachal Pradesh,Simla
B-25795,09-24-2018,Sukant,Sikkim,Gangtok
B-25796,09-24-2018,Sukrith,Maharashtra,Mumbai
B-25797,09-30-2018,Sauptik,Madhya Pradesh,Indore
B-25798,10-01-2018,Shishu,Andhra Pradesh,Hyderabad
B-25799,10-01-2018,Divyansh,Gujarat,Ahmedabad
B-25800,10-01-2018,Ishit,Maharashtra,Pune
B-25801,10-01-2018,Aryan,Madhya Pradesh,Bhopal
B-25802,10-05-2018,Yash,Maharashtra,Mumbai
B-25803,10-05-2018,Shivanshu,Madhya Pradesh,Indore
B-25804,10-05-2018,Sudheer,Karnataka,Bangalore
B-25805,10-05-2018,Ankit,Maharashtra,Mumbai
B-25806,10-06-2018,Dhanraj,Madhya Pradesh,Indore
B-25807,10-07-2018,Vipul,Uttar Pradesh,Lucknow
B-25808,10-08-2018,Apsingekar,Bihar,Patna
B-25809,10-09-2018,Suman,Kerala ,Thiruvananthapuram
B-25810,10-10-2018,Nripraj,Punjab,Chandigarh
B-25811,10-10-2018,Utsav,Maharashtra,Mumbai
B-25812,10-10-2018,Kshitij,Madhya Pradesh,Indore
B-25813,10-10-2018,Hrisheekesh,Maharashtra,Mumbai
B-25814,10-10-2018,Swapnil,Madhya Pradesh,Indore
B-25815,10-10-2018,Harsh,Nagaland,Kohima
B-25816,10-12-2018,Mane,Andhra Pradesh,Hyderabad
B-25817,10-13-2018,Praneet,Maharashtra,Mumbai
B-25818,10-14-2018,Sandeep,Madhya Pradesh,Indore
B-25819,10-15-2018,Ankur,Madhya Pradesh,Bhopal
B-25820,10-16-2018,Dheeraj,Rajasthan,Jaipur
B-25821,10-16-2018,Ajay,West Bengal,Kolkata
B-25822,10-18-2018,Tejas,Karnataka,Bangalore
B-25823,10-18-2018,Rohan,Maharashtra,Mumbai
B-25824,10-20-2018,Shyam,Madhya Pradesh,Indore
B-25825,10-21-2018,Kartik,Madhya Pradesh,Indore
B-25826,10-22-2018,Tanushree,Maharashtra,Mumbai
B-25827,10-23-2018,Sheetal,Madhya Pradesh,Indore
B-25828,10-24-2018,Nikita,Punjab,Chandigarh
B-25829,10-25-2018,Apoorva,Haryana,Chandigarh
B-25830,10-26-2018,Aastha,Himachal Pradesh,Simla
B-25831,10-27-2018,Mahima,Sikkim,Gangtok
B-25832,10-28-2018,Harshita,Maharashtra,Mumbai
B-25833,10-29-2018,Krishna,Madhya Pradesh,Indore
B-25834,10-29-2018,Ananya,Andhra Pradesh,Hyderabad
B-25835,10-29-2018,Moumita,Gujarat,Ahmedabad
B-25836,10-29-2018,Arti,Maharashtra,Pune
B-25837,10-29-2018,Palak,Maharashtra,Mumbai
B-25838,10-29-2018,Sanjana,Madhya Pradesh,Indore
B-25839,10-30-2018,Pranjali,West Bengal,Kolkata
B-25840,10-31-2018,Sneha,Karnataka,Bangalore
B-25841,11-01-2018,Ashvini,Maharashtra,Mumbai
B-25842,11-02-2018,Sheetal,Madhya Pradesh,Indore
B-25843,11-03-2018,Mrunal,Maharashtra,Mumbai
B-25844,11-03-2018,Swati,Madhya Pradesh,Indore
B-25845,11-03-2018,Snel,Kerala ,Thiruvananthapuram
B-25846,11-03-2018,Soodesh,Punjab,Chandigarh
B-25847,11-03-2018,Aniket,Haryana,Chandigarh
B-25848,11-03-2018,Rohan,Himachal Pradesh,Simla
B-25849,11-04-2018,K,Sikkim,Gangtok
B-25850,11-05-2018,Abhishek,Goa,Goa
B-25851,11-06-2018,Kushal,Nagaland,Kohima
B-25852,11-07-2018,Soumyabrata,Andhra Pradesh,Hyderabad
B-25853,11-08-2018,Gaurav,Gujarat,Ahmedabad
B-25854,11-08-2018,Shubham,Maharashtra,Pune
B-25855,11-08-2018,Abhijeet,Madhya Pradesh,Bhopal
B-25856,11-10-2018,Abhijeet,Maharashtra,Mumbai
B-25857,11-10-2018,Anand,Madhya Pradesh,Indore
B-25858,11-13-2018,Swapnil,Maharashtra,Mumbai
B-25859,11-14-2018,Chikku,Madhya Pradesh,Indore
B-25860,11-15-2018,Akshay,Tamil Nadu,Chennai
B-25861,11-15-2018,Aayush,Uttar Pradesh,Lucknow
B-25862,11-15-2018,Amol,Bihar,Patna
B-25863,11-15-2018,Manibalan,Kerala ,Thiruvananthapuram
B-25864,11-15-2018,Aromal,Maharashtra,Mumbai
B-25865,11-15-2018,Arun,Madhya Pradesh,Indore
B-25866,11-16-2018,Komal,Himachal Pradesh,Simla
B-25867,11-17-2018,Ankit,Sikkim,Gangtok
B-25868,11-18-2018,Vikash,Goa,Goa
B-25869,11-19-2018,Parakh,Nagaland,Kohima
B-25870,11-20-2018,Pranav,Andhra Pradesh,Hyderabad
B-25871,11-21-2018,Gunjal,Gujarat,Surat
B-25872,11-22-2018,Saurabh,Maharashtra,Mumbai
B-25873,11-23-2018,Divyeta,Madhya Pradesh,Indore
B-25874,11-24-2018,Megha,Rajasthan,Udaipur
B-25875,11-24-2018,Divyeshkumar,Uttar Pradesh,Allahabad
B-25876,11-24-2018,Bhosale,Punjab,Amritsar
B-25877,11-24-2018,Dashyam,Gujarat,Surat
B-25878,11-24-2018,Mrinal,Maharashtra,Mumbai
B-25879,11-24-2018,Siddharth,Madhya Pradesh,Indore
B-25880,11-24-2018,Apoorv,Rajasthan,Udaipur
B-25881,11-25-2018,Pooja,Uttar Pradesh,Allahabad
B-25882,11-26-2018,Masurkar,Punjab,Amritsar
B-25883,11-27-2018,Saptadeep,Gujarat,Surat
B-25884,11-28-2018,Sumeet,Maharashtra,Mumbai
B-25885,11-28-2018,Shatayu,Madhya Pradesh,Indore
B-25886,11-28-2018,Brijesh,Rajasthan,Udaipur
B-25887,12-01-2018,Vedant,Uttar Pradesh,Allahabad
B-25888,12-02-2018,Rohan,Punjab,Amritsar
B-25889,12-03-2018,Abhishek,Gujarat,Surat
B-25890,12-04-2018,Divyansha,Maharashtra,Mumbai
B-25891,12-04-2018,Shivani,Madhya Pradesh,Indore
B-25892,12-04-2018,Aditi,Rajasthan,Udaipur
B-25893,12-04-2018,Aashna,Uttar Pradesh,Allahabad
B-25894,12-04-2018,Monu,Punjab,Amritsar
B-25895,12-04-2018,Sathya,Gujarat,Surat
B-25896,12-05-2018,Aman,Maharashtra,Mumbai
B-25897,12-06-2018,Rohan,Madhya Pradesh,Indore
B-25898,12-07-2018,Abhishek,Rajasthan,Udaipur
B-25899,12-08-2018,Aishwarya,Uttar Pradesh,Allahabad
B-25900,12-09-2018,Anand,Punjab,Amritsar
B-25901,12-10-2018,Suraj,Gujarat,Surat
B-25902,12-10-2018,Ishpreet,Maharashtra,Mumbai
B-25903,12-10-2018,Amlan,Madhya Pradesh,Indore
B-25904,12-10-2018,Swapnil,Delhi,Delhi
B-25905,12-11-2018,Bhargav,Madhya Pradesh,Delhi
B-25906,12-11-2018,Abhijit,Delhi,Delhi
B-25907,12-11-2018,Jaydeep,Madhya Pradesh,Bhopal
B-25908,12-12-2018,Pradeep,Delhi,Delhi
B-25909,12-13-2018,Sujay,Madhya Pradesh,Delhi
B-25910,12-14-2018,Jay,Delhi,Delhi
B-25911,12-15-2018,Phalguni,Madhya Pradesh,Bhopal
B-25912,12-16-2018,Preksha,Delhi,Delhi
B-25913,12-17-2018,Geetanjali,Madhya Pradesh,Delhi
B-25914,12-18-2018,Kajal,Delhi,Delhi
B-25915,12-19-2018,Sukruta,Punjab,Amritsar
B-25916,12-20-2018,Utkarsh,Gujarat,Surat
B-25917,12-21-2018,Sanjay,Maharashtra,Mumbai
B-25918,12-22-2018,Karandeep,Madhya Pradesh,Indore
B-25919,12-23-2018,Neha,Rajasthan,Udaipur
B-25920,12-24-2018,Jayanti,Uttar Pradesh,Allahabad
B-25921,12-25-2018,Sandra,Punjab,Amritsar
B-25922,12-26-2018,Akshata,Gujarat,Surat
B-25923,12-27-2018,Vishakha,Maharashtra,Mumbai
B-25924,12-28-2018,Prajakta,Karnataka,Bangalore
B-25925,12-29-2018,Shruti,Maharashtra,Mumbai
B-25926,12-30-2018,Dipali,Madhya Pradesh,Indore
B-25927,12-31-2018,Shreya,Uttar Pradesh,Lucknow
B-25928,01-01-2019,Smriti,Bihar,Patna
B-25929,01-02-2019,Girase,Kerala ,Thiruvananthapuram
B-25930,01-03-2019,Monica,Punjab,Chandigarh
B-25931,01-04-2019,Sidharth,Maharashtra,Mumbai
B-25932,01-04-2019,Bhutekar,Madhya Pradesh,Indore
B-25933,01-04-2019,Shikhar,Maharashtra,Mumbai
B-25934,01-04-2019,Rahul,Madhya Pradesh,Indore
B-25935,01-04-2019,Sudhir,Nagaland,Kohima
B-25936,01-05-2019,Nikhil,Punjab,Chandigarh
B-25937,01-05-2019,Ankit,Haryana,Chandigarh
B-25938,01-05-2019,Shikhar,Himachal Pradesh,Simla
B-25939,01-05-2019,Vineet,Sikkim,Gangtok
B-25940,01-06-2019,Vivek,Goa,Goa
B-25941,01-07-2019,Jaideep,Nagaland,Kohima
B-25942,01-08-2019,Ankur,Andhra Pradesh,Hyderabad
B-25943,01-09-2019,Shardul,Gujarat,Ahmedabad
B-25944,01-10-2019,Syed,Maharashtra,Pune
B-25945,01-11-2019,Mhatre,Madhya Pradesh,Indore
B-25946,01-12-2019,Saurabh,Andhra Pradesh,Hyderabad
B-25947,01-13-2019,Chetan,Gujarat,Ahmedabad
B-25948,01-13-2019,Mukund,Maharashtra,Pune
B-25949,01-13-2019,Shantanu,Maharashtra,Mumbai
B-25950,01-13-2019,Shruti,Madhya Pradesh,Indore
B-25951,01-13-2019,Jesal,West Bengal,Kolkata
B-25952,01-13-2019,Priyanka,Madhya Pradesh,Indore
B-25953,01-14-2019,Krutika,Andhra Pradesh,Hyderabad
B-25954,01-14-2019,Trupti,Gujarat,Ahmedabad
B-25955,01-16-2019,Soumya,Maharashtra,Pune
B-25956,01-17-2019,Shreya,Maharashtra,Mumbai
B-25957,01-18-2019,Mahima,Madhya Pradesh,Indore
B-25958,01-18-2019,Aparajita,West Bengal,Kolkata
B-25959,01-18-2019,Muskan,Madhya Pradesh,Indore
B-25960,01-18-2019,Shreya,Andhra Pradesh,Hyderabad
B-25961,01-18-2019,Surbhi,Gujarat,Ahmedabad
B-25962,01-19-2019,Tejeswini,Maharashtra,Pune
B-25963,01-19-2019,Pratiksha,Maharashtra,Mumbai
B-25964,01-20-2019,Oshin,Madhya Pradesh,Indore
B-25965,01-21-2019,Saloni,West Bengal,Kolkata
B-25966,01-21-2019,Soumya,Rajasthan,Udaipur
B-25967,01-21-2019,Komal,Uttar Pradesh,Allahabad
B-25968,01-21-2019,Paromita,Punjab,Amritsar
B-25969,01-21-2019,Shreyshi,Gujarat,Surat
B-25970,01-22-2019,Rhea,Maharashtra,Mumbai
B-25971,01-22-2019,Mitali,Madhya Pradesh,Indore
B-25972,01-23-2019,Jesslyn,Rajasthan,Udaipur
B-25973,01-24-2019,Seema,Uttar Pradesh,Allahabad
B-25974,01-25-2019,Manisha,Rajasthan,Udaipur
B-25975,01-25-2019,Priyanka,Uttar Pradesh,Allahabad
B-25976,01-25-2019,Piyam,Punjab,Amritsar
B-25977,01-27-2019,Aayushi,Gujarat,Surat
B-25978,01-27-2019,Parin,Maharashtra,Mumbai
B-25979,01-27-2019,Shivangi,Madhya Pradesh,Indore
B-25980,01-27-2019,Shweta,Rajasthan,Udaipur
B-25981,01-28-2019,Amruta,Delhi,Delhi
B-25982,01-29-2019,Hemangi,Delhi,Delhi
B-25983,01-30-2019,Atul,Delhi,Delhi
B-25984,01-30-2019,Kajal,Delhi,Delhi
B-25985,01-31-2019,Ginny,Madhya Pradesh,Indore
B-25986,01-31-2019,Shweta,Rajasthan,Udaipur
B-25987,01-31-2019,Manjiri,Delhi,Delhi
B-25988,01-31-2019,Nirja,Delhi,Delhi
B-25989,02-01-2019,Anjali,Delhi,Delhi
B-25990,02-02-2019,Mugdha,Delhi,Delhi
B-25991,02-03-2019,Mansi,Madhya Pradesh,Indore
B-25992,02-03-2019,Gaurav,Rajasthan,Udaipur
B-25993,02-03-2019,Harshal,Delhi,Delhi
B-25994,02-03-2019,Omkar,Delhi,Delhi
B-25995,02-04-2019,Yohann,Delhi,Delhi
B-25996,02-04-2019,Prashant,Delhi,Delhi
B-25997,02-04-2019,Yogesh,Madhya Pradesh,Indore
B-25998,02-04-2019,Anmol,Rajasthan,Udaipur
B-25999,02-05-2019,Diwakar,Delhi,Delhi
B-26000,02-06-2019,Shubham,Delhi,Delhi
B-26001,02-07-2019,Patil,Delhi,Delhi
B-26002,02-08-2019,Harsh,Delhi,Delhi
B-26003,02-08-2019,Hitesh,Madhya Pradesh,Bhopal
B-26004,02-08-2019,Nandita,Rajasthan,Jaipur
B-26005,02-08-2019,Parnavi,West Bengal,Kolkata
B-26006,02-09-2019,Arpita,Karnataka,Bangalore
B-26007,02-09-2019,Shubham,Jammu and Kashmir,Kashmir
B-26008,02-09-2019,Kalyani,Tamil Nadu,Chennai
B-26009,02-10-2019,Komal,Uttar Pradesh,Lucknow
B-26010,02-11-2019,Kartikay,Bihar,Patna
B-26011,02-12-2019,Bharat,Gujarat,Ahmedabad
B-26012,02-13-2019,Pearl,Maharashtra,Pune
B-26013,02-13-2019,Jahan,Madhya Pradesh,Bhopal
B-26014,02-13-2019,Divsha,Rajasthan,Jaipur
B-26015,02-14-2019,Kasheen,West Bengal,Kolkata
B-26016,02-14-2019,Hazel,Karnataka,Bangalore
B-26017,02-14-2019,Sonakshi,Jammu and Kashmir,Kashmir
B-26018,02-14-2019,Aarushi,Tamil Nadu,Chennai
B-26019,02-15-2019,Jitesh,Uttar Pradesh,Lucknow
B-26020,02-16-2019,Yogesh,Bihar,Patna
B-26021,02-17-2019,Anita,Kerala ,Thiruvananthapuram
B-26022,02-18-2019,Shrichand,Punjab,Chandigarh
B-26023,02-19-2019,Mukesh,Haryana,Chandigarh
B-26024,02-19-2019,Vandana,Himachal Pradesh,Simla
B-26025,02-19-2019,Bhavna,Sikkim,Gangtok
B-26026,02-19-2019,Kanak,Goa,Goa
B-26027,02-20-2019,Sagar,Nagaland,Kohima
B-26028,02-20-2019,Manju,Andhra Pradesh,Hyderabad
B-26029,02-20-2019,Ramesh,Gujarat,Ahmedabad
B-26030,02-21-2019,Sarita,Maharashtra,Pune
B-26031,02-22-2019,Deepak,Madhya Pradesh,Bhopal
B-26032,02-22-2019,Monisha,Rajasthan,Jaipur
B-26033,02-22-2019,Atharv,West Bengal,Kolkata
B-26034,02-23-2019,Vini,Karnataka,Bangalore
B-26035,02-23-2019,Pinky,Jammu and Kashmir,Kashmir
B-26036,02-23-2019,Bhishm,Maharashtra,Mumbai
B-26037,02-23-2019,Hitika,Madhya Pradesh,Indore
B-26038,02-24-2019,Pooja,Bihar,Patna
B-26039,02-25-2019,Hemant,Kerala ,Thiruvananthapuram
B-26040,02-26-2019,Sahil,Punjab,Chandigarh
B-26041,02-27-2019,Ritu,Haryana,Chandigarh
B-26042,02-28-2019,Manish,Himachal Pradesh,Simla
B-26043,03-01-2019,Amit,Sikkim,Gangtok
B-26044,03-02-2019,Sanjay,Goa,Goa
B-26045,03-03-2019,Nidhi,Nagaland,Kohima
B-26046,03-04-2019,Nishi,Maharashtra,Mumbai
B-26047,03-04-2019,Ashmi,Madhya Pradesh,Indore
B-26048,03-04-2019,Parth,Maharashtra,Pune
B-26049,03-05-2019,Lisha,Madhya Pradesh,Bhopal
B-26050,03-06-2019,Paridhi,Rajasthan,Jaipur
B-26051,03-07-2019,Parishi,West Bengal,Kolkata
B-26052,03-08-2019,Ajay,Karnataka,Bangalore
B-26053,03-09-2019,Kirti,Jammu and Kashmir,Kashmir
B-26054,03-10-2019,Mayank,Maharashtra,Mumbai
B-26055,03-10-2019,Yaanvi,Madhya Pradesh,Indore
B-26056,03-10-2019,Sonal,Bihar,Patna
B-26057,03-10-2019,Sharda,Kerala ,Thiruvananthapuram
B-26058,03-11-2019,Aditya,Punjab,Chandigarh
B-26059,03-12-2019,Rachna,Haryana,Chandigarh
B-26060,03-13-2019,Chirag,Maharashtra,Mumbai
B-26061,03-14-2019,Anurag,Madhya Pradesh,Indore
B-26062,03-15-2019,Tushina,Goa,Goa
B-26063,03-15-2019,Farah,Nagaland,Kohima
B-26064,03-16-2019,Ankita,Maharashtra,Mumbai
B-26065,03-16-2019,Nida,Madhya Pradesh,Indore
B-26066,03-16-2019,Priyanka,Maharashtra,Pune
B-26067,03-16-2019,Tulika,Madhya Pradesh,Bhopal
B-26068,03-16-2019,Shefali,Rajasthan,Jaipur
B-26069,03-17-2019,Sanskriti,West Bengal,Kolkata
B-26070,03-18-2019,Shruti,Karnataka,Bangalore
B-26071,03-19-2019,Subhashree,Jammu and Kashmir,Kashmir
B-26072,03-20-2019,Sweta,Maharashtra,Mumbai
B-26073,03-21-2019,Pournamasi,Madhya Pradesh,Indore
B-26074,03-21-2019,Bharat,Gujarat,Ahmedabad
B-26075,03-21-2019,Pearl,Maharashtra,Pune
B-26076,03-21-2019,Jahan,Madhya Pradesh,Bhopal
B-26077,03-22-2019,Divsha,Rajasthan,Jaipur
B-26078,03-22-2019,Kasheen,West Bengal,Kolkata
B-26079,03-22-2019,Hazel,Karnataka,Bangalore
B-26080,03-22-2019,Sonakshi,Jammu and Kashmir,Kashmir
B-26081,03-22-2019,Aarushi,Tamil Nadu,Chennai
B-26082,03-23-2019,Jitesh,Uttar Pradesh,Lucknow
B-26083,03-24-2019,Yogesh,Bihar,Patna
B-26084,03-25-2019,Anita,Kerala ,Thiruvananthapuram
B-26085,03-26-2019,Shrichand,Punjab,Chandigarh
B-26086,03-26-2019,Mukesh,Haryana,Chandigarh
B-26087,03-26-2019,Vandana,Himachal Pradesh,Simla
B-26088,03-26-2019,Bhavna,Sikkim,Gangtok
B-26089,03-26-2019,Kanak,Goa,Goa
B-26090,03-27-2019,Sagar,Nagaland,Kohima
B-26091,03-27-2019,Manju,Andhra Pradesh,Hyderabad
B-26092,03-27-2019,Ramesh,Gujarat,Ahmedabad
B-26093,03-27-2019,Sarita,Maharashtra,Pune
B-26094,03-27-2019,Deepak,Madhya Pradesh,Bhopal
B-26095,03-28-2019,Monisha,Rajasthan,Jaipur
B-26096,03-28-2019,Atharv,West Bengal,Kolkata
B-26097,03-28-2019,Vini,Karnataka,Bangalore
B-26098,03-29-2019,Pinky,Jammu and Kashmir,Kashmir
B-26099,03-30-2019,Bhishm,Maharashtra,Mumbai
B-26100,03-31-2019,Hitika,Madhya Pradesh,Indore
