Order_Month,Category,Target
April-2018,Furniture,10400.0
May-2018,Furniture,10500.0
June-2018,Furniture,10600.0
July-2018,Furniture,10800.0
August-2018,Furniture,10900.0
September-2018,Furniture,11000.0
October-2018,Furniture,11100.0
November-2018,Furniture,11300.0
December-2018,Furniture,11400.0
January-2019,Furniture,11500.0
February-2019,Furniture,11600.0
March-2019,Furniture,11800.0
April-2018,Clothing,12000.0
May-2018,Clothing,12000.0
June-2018,Clothing,12000.0
July-2018,Clothing,14000.0
August-2018,Clothing,14000.0
September-2018,Clothing,14000.0
October-2018,Clothing,16000.0
November-2018,Clothing,16000.0
December-2018,Clothing,16000.0
January-2019,Clothing,16000.0
February-2019,Clothing,16000.0
March-2019,Clothing,16000.0
April-2018,Electronics,9000.0
May-2018,Electronics,9000.0
June-2018,Electronics,9000.0
July-2018,Electronics,9000.0
August-2018,Electronics,9000.0
September-2018,Electronics,9000.0
October-2018,Electronics,9000.0
November-2018,Electronics,9000.0
December-2018,Electronics,9000.0
January-2019,Electronics,16000.0
February-2019,Electronics,16000.0
March-2019,Electronics,16000.0
